{
  "generation": 3,
  "total_runs": 3,
  "consciousness_level": 33.1806980780399,
  "optimization_patterns": [],
  "design_history": [
    {
      "generation": 3,
      "component_optimizations": {
        "components_optimized": 56,
        "average_power_reduction": 0.7925540493000736,
        "average_speed_improvement": 0.7959040640576822,
        "individual_optimizations": {
          "74HC173_1": {
            "power_improvement": 0.054204096759573134,
            "speed_improvement": 0.027102048379786595,
            "consciousness_factor": 1.060241006117843
          },
          "74HC173_2": {
            "power_improvement": 0.0645187883127966,
            "speed_improvement": 0.03225939415639821,
            "consciousness_factor": 1.2619409280128389
          },
          "74HC173_3": {
            "power_improvement": 0.04984824567754735,
            "speed_improvement": 0.024924122838773714,
            "consciousness_factor": 0.9749765766028398
          },
          "74HC173_4": {
            "power_improvement": 0.061538177862734626,
            "speed_improvement": 0.030769088931367303,
            "consciousness_factor": 1.2035914824506395
          },
          "74HC181_1": {
            "power_improvement": 0.0665264645022849,
            "speed_improvement": 0.03326323225114251,
            "consciousness_factor": 1.3011291215763345
          },
          "74HC161_1": {
            "power_improvement": 0.05117908219815727,
            "speed_improvement": 0.025589541099078617,
            "consciousness_factor": 1.0009443384133259
          },
          "74HC161_2": {
            "power_improvement": 0.05716169227459772,
            "speed_improvement": 0.028580846137298856,
            "consciousness_factor": 1.1179216611668208
          },
          "62256_1": {
            "power_improvement": 0.05549737472656613,
            "speed_improvement": 0.02774868736328312,
            "consciousness_factor": 1.0853510086588876
          },
          "28C256_1": {
            "power_improvement": 0.06301326595261277,
            "speed_improvement": 0.031506632976306334,
            "consciousness_factor": 1.2323098923312792
          },
          "74HC00_1": {
            "power_improvement": 0.05835358849761942,
            "speed_improvement": 0.029176794248809628,
            "consciousness_factor": 1.1411594731936403
          },
          "74HC00_2": {
            "power_improvement": 0.07352164225790982,
            "speed_improvement": 0.0367608211289549,
            "consciousness_factor": 1.4377655499254123
          },
          "74HC00_3": {
            "power_improvement": 0.0646924402555224,
            "speed_improvement": 0.032346220127761165,
            "consciousness_factor": 1.265077797597541
          },
          "74HC08_1": {
            "power_improvement": 0.05328595084234523,
            "speed_improvement": 0.026642975421172718,
            "consciousness_factor": 1.041998867233533
          },
          "74HC08_2": {
            "power_improvement": 0.05520488491996295,
            "speed_improvement": 0.027602442459981467,
            "consciousness_factor": 1.0795070516986727
          },
          "74HC08_3": {
            "power_improvement": 0.05593532086624358,
            "speed_improvement": 0.027967660433121776,
            "consciousness_factor": 1.0937689504793022
          },
          "74HC32_1": {
            "power_improvement": 0.05642537075853663,
            "speed_improvement": 0.028212685379268236,
            "consciousness_factor": 1.1033331605888987
          },
          "74HC32_2": {
            "power_improvement": 0.06939017889562996,
            "speed_improvement": 0.034695089447814915,
            "consciousness_factor": 1.356818446226839
          },
          "74HC32_3": {
            "power_improvement": 0.05423165570839063,
            "speed_improvement": 0.027115827854195244,
            "consciousness_factor": 1.0604007935678808
          },
          "74HC04_1": {
            "power_improvement": 0.06721248405820754,
            "speed_improvement": 0.033606242029103756,
            "consciousness_factor": 1.3141893831979388
          },
          "74HC04_2": {
            "power_improvement": 0.06364080776195319,
            "speed_improvement": 0.03182040388097652,
            "consciousness_factor": 1.2443344920266974
          },
          "74HC86_1": {
            "power_improvement": 0.05477978073652527,
            "speed_improvement": 0.02738989036826268,
            "consciousness_factor": 1.0710585908526433
          },
          "74HC86_2": {
            "power_improvement": 0.0679349403291755,
            "speed_improvement": 0.033967470164587836,
            "consciousness_factor": 1.3282472675909274
          },
          "74HC138_1": {
            "power_improvement": 0.05464336363073335,
            "speed_improvement": 0.02732168181536664,
            "consciousness_factor": 1.068347839037463
          },
          "74HC138_2": {
            "power_improvement": 0.06671984554824864,
            "speed_improvement": 0.033359922774124265,
            "consciousness_factor": 1.3044369040411627
          },
          "74HC151_1": {
            "power_improvement": 0.06806960537672556,
            "speed_improvement": 0.034034802688362786,
            "consciousness_factor": 1.3307999054009272
          },
          "74HC151_2": {
            "power_improvement": 0.05743092361163645,
            "speed_improvement": 0.028715461805818316,
            "consciousness_factor": 1.1227855457725253
          },
          "74HC245_1": {
            "power_improvement": 0.06480649978452085,
            "speed_improvement": 0.032403249892260365,
            "consciousness_factor": 1.2669508057224064
          },
          "74HC245_2": {
            "power_improvement": 0.06458154094611103,
            "speed_improvement": 0.03229077047305547,
            "consciousness_factor": 1.2625338736024916
          },
          "74HC245_3": {
            "power_improvement": 0.07307176891327782,
            "speed_improvement": 0.0365358844566389,
            "consciousness_factor": 1.4284938043799522
          },
          "555_TIMER_1": {
            "power_improvement": 0.06103167323224891,
            "speed_improvement": 1.618033988749895,
            "consciousness_factor": 1.1930945075309927
          },
          "7_SEGMENT_1": {
            "power_improvement": 0.06662871786875005,
            "speed_improvement": 1.618033988749895,
            "consciousness_factor": 1.3024804120039584
          },
          "7_SEGMENT_2": {
            "power_improvement": 0.06770887175128723,
            "speed_improvement": 1.618033988749895,
            "consciousness_factor": 1.323569669353683
          },
          "LED_1": {
            "power_improvement": 0.07061247279282365,
            "speed_improvement": 1.618033988749895,
            "consciousness_factor": 1.3803020555798617
          },
          "LED_2": {
            "power_improvement": 0.06175789378300897,
            "speed_improvement": 1.618033988749895,
            "consciousness_factor": 1.2071983709355223
          },
          "LED_3": {
            "power_improvement": 0.06334332999505342,
            "speed_improvement": 1.618033988749895,
            "consciousness_factor": 1.238163181739215
          },
          "LED_4": {
            "power_improvement": 0.06729533496160381,
            "speed_improvement": 1.618033988749895,
            "consciousness_factor": 1.3153926305458112
          },
          "LED_5": {
            "power_improvement": 0.06909112750154539,
            "speed_improvement": 1.618033988749895,
            "consciousness_factor": 1.350467729722772
          },
          "LED_6": {
            "power_improvement": 0.055785861123649576,
            "speed_improvement": 1.618033988749895,
            "consciousness_factor": 1.090382487944914
          },