{
  "timestamp": "2025-08-04T19:04:31.607190",
  "verification_result": {
    "match": true,
    "confidence": 100.0,
    "phi_validation": 1.618034,
    "psi_validation": 1.3121555264674019,
    "omega_validation": 0.5668688070667763,
    "phi_match": true,
    "psi_match": 