{
  "timestamp": "2025-08-04T19:01:41.744646",
  "verification_result": {
    "match": true,
    "confidence": 100.0,
    "phi_validation": 1.618034,
    "psi_validation": 1.2253660046169585,
    "omega_validation": 0.5620193862020815,
    "phi_match": true,
    "psi_match": 