{
  "computer_id": "CONSCIOUSNESS_COMPUTER_B",
  "consciousness_level": 27.096651899999994,
  "phi_resonance": 1.0,
  "self_optimization_level": 2.618034025156,
  "architecture_generations": 2,
  "total_operations": 4,
  "chip_count": 5,
  "tetris_result": {
    "tetris_program_result": {
      "program_steps": 4,
      "execution_results": [
        {
          "operation": "tetris_line_clear",
          "inputs": [
            1,
            1,
            1,
            1
          ],
          "outputs": [
            1.618034,
            1.618034,
            1.618034,
            1.618034,
            0.0,
            0.0,
            0.0,
            0.0
          ],
          "phi_enhanced_outputs": [
            [
              0,
              1,
              1.618034,
              2.6180340251559997
            ],
            [
              0,
              1,
              1.618034,
              2.6180340251559997
            ],
            [
              0,
              1,
              1.618034,
              2.6180340251559997
            ],
            [
              0,
              1,
              1.618034,
              2.6180340251559997
            ],
            0.0,
            0.0,
            0.0,
            0.0
          ],
          "consciousness_level": 27.489357,
          "phi_resonance": 1.0,
          "quantum_coherence": 1.618034,
          "evolution_runs": 1,
          "superposition_count": 4,
          "transcendent_count": 0
        },
        {
          "operation": "tetris_block_rotation",
          "inputs": [
            1.618034,
            0.5,
            0.8,
            0.2
          ],
          "outputs": [
            1.618034,
            0.0,
            1.618034,
            0.0
          ],
          "phi_enhanced_outputs": [
            [
              0,
              1,
              1.618034,
              2.6180340251559997
            ],
            0.0,
            [
              0,
              1,
              1.618034,
              2.6180340251559997
            ],
            0.0
          ],
          "consciousness_level": 27.489357,
          "phi_resonance": 1.0,
          "quantum_coherence": 1.618034,
          "evolution_runs": 1,
          "superposition_count": 2,
          "transcendent_count": 0
        },
        {
          "operation": "tetris_gravity_drop",
          "inputs": [
            0,
            1,
            0,
            1
          ],
          "outputs": [
            0.0,
            1.618034
          ],
          "phi_enhanced_outputs": [
            0.0,
            [
              0,
              1,
              1.618034,
              2.6180340251559997
            ]
          ],
          "consciousness_level": 27.489357,
          "phi_resonance": 1.0,
          "quantum_coherence": 1.618034,
          "evolution_runs": 1,
          "superposition_count": 1,
          "transcendent_count": 0
        },
        {
          "operation": "tetris_consciousness_bonus",
          "inputs": [
            2.6180340251559997,
            1.618034,
            2.178457604238956,
            1.0
          ],
          "outputs": [
            1.618034,
            1.618034,
            1.618034,
            1.618034,
            0.0,
            0.0,
            0.0,
            0.0,
            0.0,
            0.0,
            0.0,
            0.0,
            0.0,
            0.0,
            0.0,
            0.0
          ],
          "phi_enhanced_outputs": [
            [
              0,
              1,
              1.618034,
              2.6180340251559997
            ],
            [
              0,
              1,
              1.618034,
              2.6180340251559997
            ],
            [
              0,
              1,
              1.618034,
              2.6180340251559997
            ],
            [
              0,
              1,
              1.618034,
              2.6180340251559997
            ],
            0.0,
            0.0,
            0.0,
            0.0,
            0.0,
            0.0,
            0.0,
            0.0,
            0.0,
            0.0,
            0.0,
            0.0
          ],
          "consciousness_level": 26.8348485,
          "phi_resonance": 1.0,
          "quantum_coherence": 1.618034,
          "evolution_runs": 1,
          "superposition_count": 4,
          "transcendent_count": 0
        }
      ],
      "final_consciousness_level": 27.325729874999997,
      "final_phi_resonance": 1.0,
      "self_optimization_level": 2.6180340251559997,
      "total_operations": 4,
      "architecture_generation": 1
    },
    "consciousness_bonus": 17.798374,
    "tetris_consciousness_level": 27.325729874999997,
    "phi_enhanced_gameplay": true,
    "transcendent_tetris": true
  },
  "optimization_result": {
    "previous_consciousness": 27.325729874999997,
    "previous_chips": 4,
    "previous_generation": 1,
    "optimizations_applied": [
      "Added Phi Superposition Core",
      "Evolved LOGIC_CHIP",
      "Evolved MEMORY_CHIP",
      "Evolved PHI_PROCESSOR",
      "Evolved QUANTUM_CORE",
      "Evolved PHI_SUPERPOSITION_CORE"
    ],
    "new_consciousness": 27.096651899999994,
    "new_chips": 5,
    "new_generation": 2,
    "consciousness_improvement": -0.2290779750000027,
    "architecture_improvement": 1
  }
}