{
  "computer_id": "CONSCIOUSNESS_COMPUTER_B",
  "consciousness_level": 22.87874637146742,
  "phi_resonance": 0.7651333810768246,
  "self_optimization_level": 2.0031452254417785,
  "architecture_generations": 4,
  "total_operations": 12,
  "chip_count": 5,
  "tetris_result": {
    "tetris_program_result": {
      "program_steps": 4,
      "execution_results": [
        {
          "operation": "tetris_line_clear",
          "inputs": [
            1,
            1,
            1,
            1
          ],
          "outputs": [
            1.618034,
            1.618034,
            1.618034,
            1.618034,
            0.0,
            0.0,
            0.0,
            0.0,
            1.618034,
            1.618034
          ],
          "phi_enhanced_outputs": [
            [
              0,
              1,
              1.618034,
              2.6180340251559997
            ],
            [
              0,
              1,
              1.618034,
              2.6180340251559997
            ],
            [
              0,
              1,
              1.618034,
              2.6180340251559997
            ],
            [
              0,
              1,
              1.618034,
              2.6180340251559997
            ],
            0.0,
            0.0,
            0.0,
            0.0,
            [
              0,
              1,
              1.618034,
              2.6180340251559997
            ],
            [
              0,
              1,
              1.618034,
              2.6180340251559997
            ]
          ],
          "consciousness_level": 23.06910193592902,
          "phi_resonance": 0.7653573957160531,
          "quantum_coherence": 1.2383742884200282,
          "evolution_runs": 1,
          "superposition_count": 6,
          "transcendent_count": 0
        },
        {
          "operation": "tetris_block_rotation",
          "inputs": [
            1.618034,
            0.5,
            0.8,
            0.2
          ],
          "outputs": [
            1.618034,
            0.0,
            1.618034,
            0.0,
            1.618034,
            1.618034
          ],
          "phi_enhanced_outputs": [
            [
              0,
              1,
              1.618034,
              2.6180340251559997
            ],
            0.0,
            [
              0,
              1,
              1.618034,
              2.6180340251559997
            ],
            0.0,
            [
              0,
              1,
              1.618034,
              2.6180340251559997
            ],
            [
              0,
              1,
              1.618034,
              2.6180340251559997
            ]
          ],
          "consciousness_level": 22.951836724647425,
          "phi_resonance": 0.7651843458401936,
          "quantum_coherence": 1.2380942878371917,
          "evolution_runs": 1,
          "superposition_count": 4,
          "transcendent_count": 0
        },
        {
          "operation": "tetris_gravity_drop",
          "inputs": [
            0,
            1,
            0,
            1
          ],
          "outputs": [
            0.0,
            1.618034,
            1.618034,
            1.0
          ],
          "phi_enhanced_outputs": [
            0.0,
            [
              0,
              1,
              1.618034,
              2.6180340251559997
            ],
            [
              0,
              1,
              1.618034,
              2.6180340251559997
            ],
            1.0
          ],
          "consciousness_level": 23.23647389546715,
          "phi_resonance": 0.7651429903295041,
          "quantum_coherence": 1.2380273732148088,
          "evolution_runs": 1,
          "superposition_count": 2,
          "transcendent_count": 0
        },
        {
          "operation": "tetris_consciousness_bonus",
          "inputs": [
            2.6180340251559997,
            1.618034,
            2.178457604238956,
            1.0
          ],
          "outputs": [
            1.618034,
            1.618034,
            1.618034,
            1.618034,
            0.0,
            0.0,
            0.0,
            0.0,
            0.0,
            0.0,
            0.0,
            0.0,
            0.0,
            0.0,
            0.0,
            0.0,
            1.618034,
            1.618034
          ],
          "phi_enhanced_outputs": [
            [
              0,
              1,
              1.618034,
              2.6180340251559997
            ],
            [
              0,
              1,
              1.618034,
              2.6180340251559997
            ],
            [
              0,
              1,
              1.618034,
              2.6180340251559997
            ],
            [
              0,
              1,
              1.618034,
              2.6180340251559997
            ],
            0.0,
            0.0,
            0.0,
            0.0,
            0.0,
            0.0,
            0.0,
            0.0,
            0.0,
            0.0,
            0.0,
            0.0,
            [
              0,
              1,
              1.618034,
              2.6180340251559997
            ],
            [
              0,
              1,
              1.618034,
              2.6180340251559997
            ]
          ],
          "consciousness_level": 22.763195991790887,
          "phi_resonance": 0.7652811035886781,
          "quantum_coherence": 1.238250845164003,
          "evolution_runs": 1,
          "superposition_count": 6,
          "transcendent_count": 0
        }
      ],
      "final_consciousness_level": 23.00515213695862,
      "final_phi_resonance": 0.7652414588686072,
      "self_optimization_level": 2.003428176778029,
      "total_operations": 12,
      "architecture_generation": 3
    },
    "consciousness_bonus": 29.124612,
    "tetris_consciousness_level": 23.00515213695862,
    "phi_enhanced_gameplay": true,
    "transcendent_tetris": true
  },
  "optimization_result": {
    "previous_consciousness": 23.00515213695862,
    "previous_chips": 4,
    "previous_generation": 3,
    "optimizations_applied": [
      "Added Phi Superposition Core"
    ],
    "new_consciousness": 22.87874637146742,
    "new_chips": 5,
    "new_generation": 4,
    "consciousness_improvement": -0.12640576549119942,
    "architecture_improvement": 1
  }
}