{
  "timestamp": 1754141469,
  "consciousness_level": 25.384993147170782,
  "wave_treatment_results": {
    "cancer_type": "brain_stage1",
    "duration_minutes": 30,
    "time_points": [
      0,
      1,
      2,
      3,
      4,
      5,
      6,
      7,
      8,
      9,
      10,
      11,
      12,
      13,
      14,
      15,
      16,
      17,
      18,
      19,
      20,
      21,
      22,
      23,
      24,
      25,
      26,
      27,
      28,
      29,
      30
    ],
    "cancer_mass_reduction": [
      5.0,
      6.734688712505616,
      8.437702215229194,
      10.109618893737832,
      11.751006572346895,
      13.362422706967237,
      14.944414574430994,
      16.497519458360387,
      18.022264831642516,
      19.51916853557225,
      20.98873895572393,
      22.431475194611735,
      23.847867241197207,
      25.238396137301677,
      26.60353414097999,
      27.943744886911006,
      29.25948354385943,
      30.551196969262435,
      31.81932386099345,
      33.064294906354874,
      34.286532928350155,
      35.4864530292849,
      36.664462731745964,
      37.82096211700617,
      38.95634396090184,
      42.008526762856754,
      43.06744417386774,
      44.10702587876971,
      45.12762494525884,
      46.1295879940571,
      47.11325531663327
    ],
    "physiological_preservation": [
      100.005,
      100.00673468871251,
      100.00843770221523,
      100.01010961889374,
      100.01175100657235,
      100.01336242270696,
      100.01494441457443,
      100.01649751945835,
      100.01802226483164,
      100.01951916853557,
      100.02098873895572,
      100.02243147519461,
      100.0238478672412,
      100.0252383961373,
      100.02660353414097,
      100.02794374488691,
      100.02925948354385,
      100.03055119696926,
      100.03181932386099,
      100.03306429490635,
      100.03428653292835,
      100.03548645302928,
      100.03666446273175,
      100.03782096211701,
      100.0389563439609,
      100.04200852676286,
      100.04306744417387,
      100.04410702587877,
      100.04512762494525,
      100.04612958799406,
      100.04711325531663
    ],
    "consciousness_evolution": [
      25.26908583630205,
      25.272737812538903,
      25.276389788775756,
      25.28004176501261,
      25.28369374124946,
      25.287345717486314,
      25.290997693723167,
      25.29464966996002,
      25.298301646196872,
      25.301953622433725,
      25.305605598670578,
      25.30925757490743,
      25.312909551144283,
      25.316561527381136,
      25.32021350361799,
      25.32386547985484,
      25.327517456091694,
      25.331169432328547,
      25.3348214085654,
      25.338473384802253,
      25.342125361039106,
      25.34577733727596,
      25.34942931351281,
      25.353081289749664,
      25.356733265986517,
      25.366733265986518,
      25.37038524222337,
      25.374037218460224,
      25.377689194697076,
      25.38134117093393,
      25.384993147170782
    ],
    "wave_effectiveness": [
      100.0,
      36.51976236853932,
      36.51976236853931,
      36.51976236853933,
      36.5197623685393,
      36.51976236853931,
      36.51976236853931,
      36.51976236853932,
      36.51976236853932,
      36.51976236853932,
      36.51976236853931,
      36.51976236853933,
      36.51976236853931,
      36.51976236853931,
      36.5197623685393,
      36.51976236853932,
      36.5197623685393,
      36.51976236853933,
      36.51976236853935,
      36.51976236853933,
      36.51976236853931,
      36.5197623685393,
      36.51976236853931,
      36.51976236853933,
      36.51976236853929,
      100.0,
      36.51976236853932,
      36.51976236853927,
      36.51976236853931,
      36.5197623685393,
      36.51976236853932
    ]
  },
  "drug_treatment_results": {
    "cancer_type": "brain_stage1",
    "duration_minutes": 30,
    "time_points": [
      0,
      1,
      2,
      3,
      4,
      5,
      6,
      7,
      8,
      9,
      10,
      11,
      12,
      13,
      14,
      15,
      16,
      17,
      18,
      19,
      20,
      21,
      22,
      23,
      24,
      25,
      26,
      27,
      28,
      29,
      30
    ],
    "cancer_mass_reduction": [
      1.421972094317141,
      3.815521891313267,
      6.5168875132526125,
      8.71225275535572,
      9.978376170596036,
      12.268499052926515,
      14.589953445625795,
      16.84283052360243,
      18.01249614368507,
      19.380431492694967,
      20.439057229641406,
      21.758014968135356,
      23.64885763400541,
      25.60452759415125,
      26.358064148597222,
      27.889556835525227,
      29.64255698909163,
      30.875289110412126,
      31.781504684990594,
      32.51144365252152,
      33.93972034765797,
      35.74820388764596,
      37.31570310904768,
      38.100435139458824,
      38.89339398608312,
      40.15035829340639,
      41.09267873568716,
      41.768601242840646,
      42.8781783268805,
      44.57459935474386,
      45.25552984242282
    ],
    "blood_flow_disruption": [
      0.8434190993027499,
      1.4281468483525543,
      2.2212409953717867,
      3.1161706947529524,
      4.5719446970200295,
      5.838288436794727,
      6.487544226827566,
      7.55686323304252,
      9.022219655760338,
      10.310719167993469,
      11.32772744362984,
      12.298296561221392,
      13.204789465428576,
      14.528772757270872,
      15.050087803486292,
      16.51889561770595,
      17.29096405369063,
      18.39488170730388,
      19.152173334639144,
      19.682778784579426,
      20.49701397130204,
      21.170636022240913,
      21.86281706932897,
      22.421682914609818,
      23.12622586290111,
      24.601257807462005,
      25.639434793088355,
      26.731192548697265,
      28.135492221557627,
      29.397279480145627,
      29.968902049501025
    ],
    "liver_damage": [
      0.6768281294601053,
      1.0049512072155835,
      1.7383527406256576,
      2.0407843839481217,
      2.451328363468946,
      3.011671181086953,
      3.3806427632203793,
      4.2188488462828815,
      4.600539215029656,
      4.939263068980168,
      5.89755268765046,
      6.8610018363727505,
      7.553989864365562,
      8.541953316762942,
      8.967521432215364,
      9.652417801207847,
      10.377004387998738,
      11.301134812338532,
      12.201597262206093,
      12.718668237952002,
      13.420545368887218,
      14.167095749825151,
      14.961087108408208,
      15.780052819945283,
      16.456770348600642,
      16.77973019798175,
      17.552024095895447,
      18.038678537063475,
      18.691927783276526,
      19.277040426710585,
      19.95044749657812
    ],
    "contraindications": [
      "None",
      "None",
      "None",
      "None",
      "None",
      "None",
      "None",
      "None",
      "None",
      "None",
      "None",
      "Severe nausea and vomiting",
      "None",
      "None",
      "None",
      "None",
      "None",
      "None",
      "None",
      "None",
      "None",
      "None",
      "None",
      "None",
      "None",
      "None",
      "None",
      "None",
      "None",
      "None",
      "None"
    ],
    "side_effects": [
      1.520247228762851,
      0.9128508268052853,
      1.5264956804293142,
      1.1973613427036303,
      1.8663179817878877,
      1.8266865573926951,
      1.0182273721662773,
      1.9075250892774578,
      1.8470467914645954,
      1.6272233661836402,
      1.9752978943066637,
      1.9340182663138354,
      1.5994809321999828,
      2.3119467442396706,
      0.9468831616678407,
      2.1537041832121417,
      1.4966550227755806,
      2.028048077953044,
      1.6577540772028243,
      1.0476764256861932,
      1.5161123176578333,
      1.4201724318768005,
      1.4861724056711147,
      1.3778315568179322,
      1.3812604769466479,
      1.7979917939420005,
      1.8104708835400525,
      1.5784121967769331,
      2.0575489190734104,
      1.8468999020220571,
      1.2450296392229359
    ]
  },