{
  "timestamp": "2025-08-28T03:45:22.174630+00:00",
  "angles": {
    "theta_a": 0.0,
    "theta_ap": 0.6354004615394074,
    "theta_b": 0.39269908169872414,
    "theta_bp": -0.39269908169872414
  },
  "S": -2.765265302829043,
  "violates_CHSH": true,
  "threshold": 2.0
}