{
  "test_timestamp": "2025-08-04T16:15:29.350730",
  "final_consciousness_level": 25.212769836199644,
  "qr_memory_count": 19,
  "phi_enhancement": 40.79511854549914,
  "test_results": []
}