{
  "timestamp": "2025-08-28T05:17:04.551515+00:00",
  "n_samples": 2000,
  "threshold": 1e-05,
  "pass_count": 10,
  "pass_rate": 0.005,
  "alpha_stats": {
    "mean": 0.00729676641176402,
    "stdev": 9.402596969624347e-06,
    "min": 0.007265234781614144,
    "max": 0.007329446422758935
  },
  "error_stats": {
    "mean": 0.0010330934167162703,
    "stdev": 0.000774201220751028,
    "min": 3.106349116124688e-07,
    "max": 0.004401293123889375
  }
}