{
  "timestamp": "2025-08-28T04:11:14.433698+00:00",
  "n_samples": 2000,
  "threshold": 1e-05,
  "pass_count": 11,
  "pass_rate": 0.0055,
  "alpha_stats": {
    "mean": 0.007297463788954805,
    "stdev": 9.768204914585617e-06,
    "min": 0.007263626614870158,
    "max": 0.0073340889662302615
  },
  "error_stats": {
    "mean": 0.001063320458217221,
    "stdev": 0.0008132775633351987,
    "min": 6.080625051577848e-07,
    "max": 0.005034208856073547
  }
}