{
  "timestamp": "2025-08-28T03:45:20.329217+00:00",
  "n_samples": 2000,
  "threshold": 1e-05,
  "pass_count": 13,
  "pass_rate": 0.0065,
  "alpha_stats": {
    "mean": 0.007297408707563959,
    "stdev": 9.898931168052029e-06,
    "min": 0.007262949305749569,
    "max": 0.007331727571284106
  },
  "error_stats": {
    "mean": 0.0010856363821958753,
    "stdev": 0.0008133707623870989,
    "min": 4.6458023190591353e-07,
    "max": 0.004714485592373031
  }
}