{
  "timestamp": "2025-08-28T03:46:02.668702+00:00",
  "n_samples": 2000,
  "threshold": 1e-05,
  "pass_count": 8,
  "pass_rate": 0.004,
  "alpha_stats": {
    "mean": 0.007297503365020657,
    "stdev": 9.562130225743786e-06,
    "min": 0.007270684430804007,
    "max": 0.007334826488767149
  },
  "error_stats": {
    "mean": 0.0010526924666152235,
    "stdev": 0.0007805758240459282,
    "min": 4.1697298441915333e-07,
    "max": 0.005135275993762692
  }
}