{
  "timestamp": "2025-08-28T03:38:06.910860+00:00",
  "n_samples": 2000,
  "threshold": 1e-05,
  "pass_count": 13,
  "pass_rate": 0.0065,
  "alpha_stats": {
    "mean": 0.007297302748424165,
    "stdev": 9.620349299246907e-06,
    "min": 0.0072645282195910954,
    "max": 0.007329146196519318
  },
  "error_stats": {
    "mean": 0.0010496662731885708,
    "stdev": 0.0007976542675629817,
    "min": 1.3354065186848946e-06,
    "max": 0.004498117556632407
  }
}