{
  "timestamp": "2025-08-28T03:36:50.548167+00:00",
  "n_samples": 2000,
  "threshold": 1e-05,
  "pass_count": 14,
  "pass_rate": 0.007,
  "alpha_stats": {
    "mean": 0.007297066208416094,
    "stdev": 9.759970891944929e-06,
    "min": 0.007262327930705429,
    "max": 0.007330430769521173
  },
  "error_stats": {
    "mean": 0.00105594900972129,
    "stdev": 0.0008217849772067898,
    "min": 3.203279941362975e-08,
    "max": 0.004799636342352427
  }
}