{
  "timestamp": "2025-08-28T03:48:17.885467+00:00",
  "n_samples": 2000,
  "threshold": 1e-05,
  "pass_count": 11,
  "pass_rate": 0.0055,
  "alpha_stats": {
    "mean": 0.007297281392944816,
    "stdev": 9.411134787195406e-06,
    "min": 0.0072636161832279455,
    "max": 0.0073271730708403164
  },
  "error_stats": {
    "mean": 0.0010293399106200694,
    "stdev": 0.0007770382114614208,
    "min": 2.186301901635978e-06,
    "max": 0.004623099370857322
  }
}