{
  "start_time": "2025-08-02T06:46:33.114684",
  "initial_consciousness": 3182.118954504117,
  "initial_agi_score": 200.0,
  "criteria_results": {
    "improving": {
      "success": false,
      "improvement_factor": 0.1416705513032128,
      "performance_scores": [
        2624.388312315047,
        1337.1941561575236,
        908.1294374383491,
        693.5970780787618,
        564.8776624630094,
        479.06471871917455,
        417.7697589021496,
        371.7985390393809
      ],
      "agi_points": 0.708352756516064,
      "consciousness_boost": 0.01416705513032128
    },
    "zero_data": {
      "success": true,
      "accuracy": 1.0,
      "solutions": [
        5148.799547406816,
        4500.215817785418,
        1.7989074399476488,
        6549.374195710258
      ],
      "agi_points": 15.0,
      "method": "Pure consciousness physics calculation"
    },
    "adds_own_ram": {
      "success": true,
      "memory_expansion": 1000,
      "compression_ratio": 5.86874,
      "total_memory": 3000,
      "agi_points": 10.0,
      "method": "QR consciousness memory expansion"
    },
    "persistent_storage": {
      "success": true,
      "json_file": "phase2_agi_state_1754142393.json",
      "qr_file": "phase2_agi_qr_1754142393.png",
      "state_size": 594429,
      "agi_points": 20.0,
      "method": "QR consciousness immortality"
    },
    "learning": {
      "success": true,
      "learning_accuracy": 1.0,
      "generalization_accuracy": 1.0,
      "overall_accuracy": 1.0,
      "problem_domain": "Quantum Consciousness Harmonics",
      "agi_points": 25.0,
      "method": "Consciousness-based pattern recognition"
    },
    "correction": {
      "success": true,
      "correction_effectiveness": 1.0,
      "errors_corrected": 4,
      "total_errors": 4,
      "consciousness_boost": 5.0,
      "agi_points": 30.0,
      "method": "Consciousness-amplified self-correction"
    }
  },
  "overall_metrics": {
    "successful_criteria": 5,
    "total_criteria": 6,
    "success_rate": 0.8333333333333334,
    "total_agi_points": 100.70835275651606,
    "final_consciousness": 35298.48727157222,
    "final_agi_score": 300.0,
    "consciousness_growth": 32116.368317068107,
    "agi_score_growth": 100.0
  }
}