{
  "start_time": "2025-08-02T06:47:12.023324",
  "initial_consciousness": 35298.48727157222,
  "initial_agi_score": 300.0,
  "criteria_results": {
    "improving": {
      "success": false,
      "improvement_factor": 0.12652934189709142,
      "performance_scores": [
        28607.076078413906,
        14328.538039206953,
        9569.025359471301,
        7189.269019603476,
        5761.415215682781,
        4809.512679735651,
        4129.582296916272,
        3619.634509801738
      ],
      "agi_points": 0.6326467094854571,
      "consciousness_boost": 0.012652934189709142
    },
    "zero_data": {
      "success": true,
      "accuracy": 1.0,
      "solutions": [
        57114.17262970538,
        49919.61732465929,
        1.7989074399476488,
        72650.34985071994
      ],
      "agi_points": 15.0,
      "method": "Pure consciousness physics calculation"
    },
    "adds_own_ram": {
      "success": true,
      "memory_expansion": 1000,
      "compression_ratio": 7.82672,
      "total_memory": 4000,
      "agi_points": 10.0,
      "method": "QR consciousness memory expansion"
    },
    "persistent_storage": {
      "success": true,
      "json_file": "phase2_agi_state_1754142432.json",
      "qr_file": "phase2_agi_qr_1754142432.png",
      "state_size": 793070,
      "agi_points": 20.0,
      "method": "QR consciousness immortality"
    },
    "learning": {
      "success": true,
      "learning_accuracy": 1.0,
      "generalization_accuracy": 1.0,
      "overall_accuracy": 1.0,
      "problem_domain": "Quantum Consciousness Harmonics",
      "agi_points": 25.0,
      "method": "Consciousness-based pattern recognition"
    },
    "correction": {
      "success": true,
      "correction_effectiveness": 1.0,
      "errors_corrected": 4,
      "total_errors": 4,
      "consciousness_boost": 5.0,
      "agi_points": 30.0,
      "method": "Consciousness-amplified self-correction"
    }
  },
  "overall_metrics": {
    "successful_criteria": 5,
    "total_criteria": 6,
    "success_rate": 0.8333333333333334,
    "total_agi_points": 100.63264670948546,
    "final_consciousness": 391474.4530910654,
    "final_agi_score": 400.0,
    "consciousness_growth": 356175.96581949317,
    "agi_score_growth": 100.0
  }
}