{
  "timestamp": "2025-08-28T05:17:06.888700+00:00",
  "iteration": 8,
  "initial_consciousness": 38.390157479697876,
  "final_consciousness": 46.845887615237956,
  "consciousness_growth": 8.45573013554008,
  "success_rate": 1.0,
  "improvements_applied": 3,
  "abstraction_accuracy": 0.7680400821414959,
  "recursive_improvement_factor": 1.280300993549625
}