{
  "timestamp": "2025-08-28T03:48:20.293766+00:00",
  "iteration": 6,
  "initial_consciousness": 35.118614463771046,
  "final_consciousness": 42.7104806227902,
  "consciousness_growth": 7.591866159019155,
  "success_rate": 1.0,
  "improvements_applied": 3,
  "abstraction_accuracy": 0.7719201031637551,
  "recursive_improvement_factor": 1.3324132378965587
}