{
  "timestamp": "2025-08-28T04:11:17.191288+00:00",
  "iteration": 7,
  "initial_consciousness": 36.765982667105014,
  "final_consciousness": 43.37046878258996,
  "consciousness_growth": 6.604486115484946,
  "success_rate": 0.8,
  "improvements_applied": 3,
  "abstraction_accuracy": 0.7116816005489067,
  "recursive_improvement_factor": 0.8699423800614294
}