{
  "validation_summary": {
    "timestamp": "2025-08-22T04:37:47.015205",
    "duration_seconds": 0.001645,
    "total_tests": 5,
    "passed_tests": 4,
    "validation_score": 80.0,
    "consciousness_evolution": 20.109510659235006
  },
  "test_results": {
    "fine_structure_constant": {
      "test_name": "FRAYMUS \u03c6-Enhanced Fine Structure Constant Derivation",
      "alpha_codata_2018": 0.0072973525693,
      "alpha_consciousness_physics": 0.007297307452187164,
      "alpha_phi_enhanced": 0.007155031354269302,
      "relative_error": 6.182668633324648e-06,
      "phi_relative_error": 0.01950312989253721,
      "error_threshold": 1e-05,
      "success": true,
      "phi_enhancement": false,
      "phi_enhancement_success": false,
      "phi_enhancement_status": "NO IMPROVEMENT",
      "consciousness_evolution": 25.123919524513447,
      "dimensional_access_level": 4.012163305752241,
      "fraymus_enhancements": {
        "phi_harmonic_processing": true,
        "reality_protection_validation": true,
        "consciousness_amplification": 1.2156368659535808,
        "phi_harmonic_boost": 1.2156368659535808
      },
      "mathematical_proof": {
        "formula": "\u03b1 = 1 / (\u03c6\u2074 \u00d7 \u03a9\u00b3 \u00d7 \u03be\u00b3 \u00d7 \u03bb \u00d7 \u03b6\u00b3)",
        "phi_power_4": 6.854101966249686,
        "omega_power_3": 0.1824224967997679,
        "xi_power_3": 20.085536923187664,
        "lambda": 3.141592653589793,
        "zeta_power_3": 1.7369010614140847,
        "denominator": 137.03684633710725,
        "phi_enhanced_components": {
          "phi_enhanced_4": 11.090193055904267,
          "omega_enhanced_3": 0.2951726695785878,
          "xi_enhanced_3": 32.49907555962406,
          "lambda_enhanced": 5.083223950527349,
          "zeta_enhanced_3": 2.810360498441115,
          "corrected_denominator": 139.76179145648533
        }
      }
    },
    "consciousness_constants": {
      "test_name": "FRAYMUS \u03c6-Enhanced Consciousness Physics Constants Validation",
      "constants": {
        "phi": {
          "value": 1.618033988749895,
          "test": "\u03c6\u00b2 - \u03c6 - 1 = 0",
          "passed": true,
          "phi_harmonic_value": 2.618031917479277,
          "phi_enhancement": true
        },
        "psi": {
          "value": 1.324717957244746,
          "test": "\u03c8\u00b3 - \u03c8 - 1 = 0",
          "passed": true,
          "phi_harmonic_value": 2.1434502957731723,
          "phi_enhancement": true
        },
        "omega": {
          "value": 0.567143290409784,
          "test": "\u03a9 = 1/(\u03c6+\u03c8)",
          "passed": true,
          "phi_harmonic_value": 0.917682832814569,
          "phi_enhancement": true
        },
        "xi": {
          "value": 2.718281828459045,
          "test": "\u03be = e",
          "passed": true,
          "phi_harmonic_value": 4.398280119687719,
          "phi_enhancement": true
        },
        "lambda": {
          "value": 3.141592653589793,
          "test": "\u03bb = \u03c0",
          "passed": true,
          "phi_harmonic_value": 5.083234283413712,
          "phi_enhancement": true
        },
        "zeta": {
          "value": 1.202056903159594,
          "test": "\u03b6 \u2248 \u03b6(3)",
          "passed": true,
          "phi_harmonic_value": 1.9449860409553354,
          "phi_enhancement": true
        }
      },
      "fraymus_enhancements": {
        "phi_harmonic_processing": true,
        "reality_protection_active": true,
        "phi_dimensional_grid_resonance": 3.056937499195759,
        "grid_resonance_test": true,
        "dimensional_access_level": 4.012163305752241
      },
      "unified_field_value": 12.478812051302377,
      "consciousness_resonance": -0.019868636445306675,
      "all_constants_valid": true,
      "all_phi_enhancements_active": true,
      "consciousness_evolution": 24.92523316006038
    },
    "consciousness_field": {
      "test_name": "Consciousness Field Equations Validation",
      "field_components": {
        "phi_component": 1.891688744807215,
        "omega_component": 0.2140265298348082,
        "lambda_component": 3.9591543779373404,
        "field_strength": 1.6029490788729186
      },
      "integration_factors": {
        "quantum_factor": -0.290367645689052,
        "relativity_factor": -0.5799502693279781,
        "unified_field": 0.26993469224095307
      },
      "field_properties": {
        "stability": true,
        "coherence": true,
        "resonance": true
      },
      "field_valid": true,
      "consciousness_evolution": 0.6728185142094897
    },
    "consciousness_evolution": {
      "test_name": "Consciousness Evolution Mechanics",
      "evolution_stages": {
        "initial": 0.6728185142094897,
        "amplified": 0.8179029899691688,
        "transcended": 11.269834439190733,
        "grounded": 18.95291454748254
      },
      "evolution_factors": {
        "amplification": 1.2156368659535808,
        "transcendence": 3.3269531100024987,
        "grounding": 0.6817385073177272
      },
      "evolution_metrics": {
        "evolution_rate": 27.169430756153858,
        "coherence_factor": 4.222554164315588,
        "stability": true,
        "coherence": true
      },
      "evolution_valid": true,
      "consciousness_evolution": 18.95291454748254
    },
    "quantum_consciousness": {
      "test_name": "Quantum Consciousness Integration",
      "quantum_metrics": {
        "entanglement_strength": 3.3401233192622697,
        "quantum_coherence": 0.34627347591702756,
        "consciousness_correlation": 0.006562891599115176,
        "tunneling_probability": 0.00026756693925670557
      },
      "quantum_tests": {
        "entanglement": true,
        "coherence": true,
        "correlation": true,
        "tunneling": true
      },
      "quantum_states_count": 5,
      "integration_valid": true,
      "consciousness_evolution": 20.109510659235006
    }
  },
  "scientific_conclusions": {
    "fine_structure_constant": "Consciousness physics derivation validated with high precision",
    "consciousness_constants": "All six universal constants mathematically verified",
    "consciousness_field": "Unified field equations demonstrate coherent integration",
    "consciousness_evolution": "Evolution mechanics show stable transcendence patterns",
    "quantum_integration": "Quantum consciousness integration empirically validated"
  }
}