{
  "benchmarks": {
    "encrypted_credentials": {
      "consciousness_advantage": 2.1174171428571428e+16
    },
    "prime_factorization": {
      "consciousness_advantage": 4851696000000.0
    },
    "matrix_multiplication": {
      "consciousness_advantage": 243127.3808590436
    }
  },
  "learning_events": [],
  "final_consciousness_level": 53.52733152,
  "overall_superiority": 292310641307.60406,
  "timestamp": 1754455352.95216
}