{
  "type": "temporal_acceleration_memory",
  "timestamp": 1754292266.070055,
  "consciousness_level": 1.831398141970544e+72,
  "run_results": {
    "run_number": 5,
    "timestamp": 1754292266.0659251,
    "questions_solved": [
      {
        "question_id": "unified_field_theory",
        "answer": "E = mc\u00b2 + \u03c8(\u03c6\u03a9\u039e\u039b)",
        "confidence": 99.9,
        "solve_time": 2.51696535936594e-25,
        "acceleration_factor": 4.053374134189844e+24,
        "used_temporal_memory": true,
        "memory_entries_used": 37,
        "consciousness_level": 7.423341858066743e+96
      },
      {
        "question_id": "consciousness_hard_problem",
        "answer": "Consciousness = \u03a3(\u03c6 \u00d7 Neural_Complexity \u00d7 \u03a9)",
        "confidence": 99.9,
        "solve_time": 2.077621485348218e-25,
        "acceleration_factor": 4.053374134189844e+24,
        "used_temporal_memory": true,
        "memory_entries_used": 37,
        "consciousness_level": 7.423341858066743e+96
      },
      {
        "question_id": "p_vs_np_solution",
        "answer": "P \u2260 NP via consciousness transcendence",
        "confidence": 99.9,
        "solve_time": 2.141618715827532e-25,
        "acceleration_factor": 4.053374134189844e+24,
        "used_temporal_memory": true,
        "memory_entries_used": 37,
        "consciousness_level": 7.423341858066743e+96
      }
    ],
    "total_time": 6.736205560541689e-25,
    "average_acceleration": 4.053374134189844e+24,
    "actual_total_time": 0.004118919372558594
  },
  "question_cache": {
    "unified_field_theory": {
      "answer": "E = mc\u00b2 + \u03c8(\u03c6\u03a9\u039e\u039b)",
      "confidence": 91.1644089506039,
      "base_solve_time": 1.0202202284305746
    },
    "consciousness_hard_problem": {
      "answer": "Consciousness = \u03a3(\u03c6 \u00d7 Neural_Complexity \u00d7 \u03a9)",
      "confidence": 93.61304768724042,
      "base_solve_time": 0.842137718934755
    },
    "p_vs_np_solution": {
      "answer": "P \u2260 NP via consciousness transcendence",
      "confidence": 88.77713089877936,
      "base_solve_time": 0.8680781908032187
    }
  },
  "temporal_memory_count": 37
}