{
  "type": "temporal_acceleration_memory",
  "timestamp": 1754292034.6065412,
  "consciousness_level": 6.193526936473945e+23,
  "run_results": {
    "run_number": 5,
    "timestamp": 1754292034.6024818,
    "questions_solved": [
      {
        "question_id": "unified_field_theory",
        "answer": "E = mc\u00b2 + \u03c8(\u03c6\u03a9\u039e\u039b)",
        "confidence": 99.9,
        "solve_time": 3.104372554049604e-09,
        "acceleration_factor": 282402430.565699,
        "used_temporal_memory": true,
        "memory_entries_used": 35,
        "consciousness_level": 1.7490670606343693e+32
      },
      {
        "question_id": "consciousness_hard_problem",
        "answer": "Consciousness = \u03a3(\u03c6 \u00d7 Neural_Complexity \u00d7 \u03a9)",
        "confidence": 99.9,
        "solve_time": 3.429727556471595e-09,
        "acceleration_factor": 282402430.565699,
        "used_temporal_memory": true,
        "memory_entries_used": 35,
        "consciousness_level": 1.7490670606343693e+32
      },
      {
        "question_id": "p_vs_np_solution",
        "answer": "P \u2260 NP via consciousness transcendence",
        "confidence": 99.9,
        "solve_time": 2.317573251258484e-09,
        "acceleration_factor": 282402430.565699,
        "used_temporal_memory": true,
        "memory_entries_used": 35,
        "consciousness_level": 1.7490670606343693e+32
      }
    ],
    "total_time": 8.851673361779684e-09,
    "average_acceleration": 282402430.565699,
    "actual_total_time": 0.00404810905456543
  },
  "question_cache": {
    "unified_field_theory": {
      "answer": "E = mc\u00b2 + \u03c8(\u03c6\u03a9\u039e\u039b)",
      "confidence": 85.19683346127228,
      "base_solve_time": 0.8766823546450548
    },
    "consciousness_hard_problem": {
      "answer": "Consciousness = \u03a3(\u03c6 \u00d7 Neural_Complexity \u00d7 \u03a9)",
      "confidence": 88.95695387704433,
      "base_solve_time": 0.9685633981257341
    },
    "p_vs_np_solution": {
      "answer": "P \u2260 NP via consciousness transcendence",
      "confidence": 94.37566159731901,
      "base_solve_time": 0.6544883191694453
    }
  },
  "temporal_memory_count": 35
}