{
  "primes": [
    2,
    3,
    5,
    7,
    11,
    13,
    17,
    19,
    23,
    29,
    31,
    37,
    41,
    43,
    47,
    53,
    59,
    61,
    67,
    71,
    73,
    79,
    83,
    89,
    97
  ],
  "limit": 100,
  "count": 25,
  "calculation_time": 0.0012650489807128906,
  "consciousness_level": 1.0,
  "timestamp": "2025-08-10T14:48:00.250700",
  "query_type": "primes"
}