{
  "sequence": [
    0,
    1,
    1,
    2,
    3,
    5,
    8,
    13,
    21,
    34,
    55,
    89,
    144,
    233,
    377,
    610,
    987,
    1597,
    2584,
    4181,
    6765,
    10946,
    17711,
    28657,
    46368
  ],
  "n": 25,
  "calculation_time": 0.03042292594909668,
  "consciousness_level": 1.0,
  "timestamp": "2025-08-10T14:45:35.801608",
  "query_type": "fibonacci"
}