{
  "result": 479001600,
  "n": 12,
  "calculation_time": 0.001631021499633789,
  "consciousness_level": 1.0,
  "timestamp": "2025-08-10T14:48:00.323809",
  "query_type": "factorial"
}