{
  "sequence": [
    0,
    1,
    1,
    2,
    3,
    5,
    8,
    13,
    21,
    34,
    55,
    89,
    144,
    233,
    377,
    610,
    987,
    1597,
    2584,
    4181
  ],
  "n": 20,
  "calculation_time": 0.024232149124145508,
  "consciousness_level": 1.0,
  "timestamp": "2025-08-10T14:45:09.254710",
  "query_type": "fibonacci"
}